Symbol,Name,Last Sale,Net Change,% Change,Market Cap,Country,IPO Year,Volume,Sector,Industry
A,Agilent Technologies Inc. Common Stock,$136.39,-2.31,-1.665%,39188621048.00,United States,1999,1616488,Industrials,Biotechnology: Laboratory Analytical Instruments
AA,Alcoa Corporation Common Stock ,$31.35,1.49,4.99%,8098963389.00,United States,2016,5888129,Industrials,Aluminum
AAON,AAON Inc. Common Stock,$93.47,1.73,1.886%,7572298944.00,United States,,213353,Industrials,Industrial Machinery/Components
ACA,Arcosa Inc. Common Stock ,$87.77,2.51,2.944%,4281771592.00,United States,2018,213218,Industrials,Metal Fabrications
ACHR,Archer Aviation Inc. Class A Common Stock,$3.30,0.00,0.00%,1173326738.00,United States,2020,8332843,Industrials,Aerospace
ACNT,Ascent Industries Co. Common Stock,$9.25,-0.30,-3.141%,93653817.00,United States,,7549,Industrials,Steel/Iron Ore
AEHL,Antelope Enterprise Holdings Limited Class A Ordinary Shares,$0.79,-0.72,-47.682%,7007791.00,China,,1261905,Industrials,Building Materials
AEHR,Aehr Test Systems Common Stock,$12.75,-0.23,-1.772%,369844465.00,United States,1997,853383,Industrials,Electrical Products
AESI,Atlas Energy Solutions Inc. Common Stock,$20.16,0.35,1.767%,2214980430.00,United States,2023,544906,Industrials,Mining & Quarrying of Nonmetallic Minerals (No Fuels)
AGCO,AGCO Corporation Common Stock,$89.32,0.37,0.416%,6667050504.00,United States,,673876,Industrials,Industrial Machinery/Components
AGRI,AgriFORCE  Growing Systems Ltd. Common Shares,$0.0564,-0.0018,-3.093%,5208164.00,Canada,2021,2814896,Industrials,Metal Fabrications
AIR,AAR Corp. Common Stock,$65.90,1.37,2.123%,2353359843.00,United States,,182949,Industrials,Aerospace
AIRI,Air Industries Group Common Stock,$6.26,0.10,1.623%,20889852.00,United States,,120698,Industrials,Military/Government/Technical
AIRJ,Montana Technologies Corporation Class A Common Stock,$6.76,0.50,7.987%,377043529.00,United States,2022,21148,Industrials,Industrial Machinery/Components
AIRJW,Montana Technologies Corporation Warrant,$0.57,-0.03,-5.00%,31792132.00,United States,2022,30908,Industrials,Industrial Machinery/Components
AKYA,Akoya BioSciences Inc. Common Stock,$2.815,0.185,7.034%,139341056.00,United States,2021,158365,Industrials,Biotechnology: Laboratory Analytical Instruments
ALB,Albemarle Corporation Common Stock,$88.50,-0.80,-0.896%,10401691298.00,United States,,2864808,Industrials,Major Chemicals
ALG,Alamo Group Inc. Common Stock,$175.48,1.37,0.787%,2116285992.00,United States,,49470,Industrials,Industrial Machinery/Components
ALNT,Allient Inc. Common Stock,$19.21,0.35,1.856%,323575795.00,United States,,122222,Industrials,Electrical Products
ALTG,Alta Equipment Group Inc. Class A Common Stock,$6.19,0.22,3.685%,204842816.00,United States,2019,286778,Industrials,Industrial Machinery/Components
ALTM,Arcadium Lithium plc Ordinary Shares,$2.46,-0.15,-5.747%,2645479665.00,United States,2024,9310614,Industrials,Major Chemicals
ALTO,Alto Ingredients Inc. Common Stock,$1.43,0.03,2.143%,109376503.00,United States,,200666,Industrials,Major Chemicals
AMBI,Ambipar Emergency Response Class A Ordinary Shares,$4.3499,0.1499,3.569%,241114309.00,,,2883,Industrials,Environmental Services
AMBP,Ardagh Metal Packaging S.A. Ordinary Shares,$3.38,-0.16,-4.52%,2019854200.00,,,1066214,Industrials,Containers/Packaging
AME,AMETEK Inc.,$166.89,1.63,0.986%,38641037199.00,United States,,1106541,Industrials,Industrial Machinery/Components
AMRK,A-Mark Precious Metals Inc. Common Stock,$45.89,1.76,3.988%,1050643014.00,United States,,525619,Industrials,Other Specialty Stores
AMTX,Aemetis Inc. (DE) Common Stock,$2.45,0.02,0.823%,115631790.00,United States,,456079,Industrials,Major Chemicals
ANDE,Andersons Inc. (The) Common Stock,$46.38,0.67,1.466%,1580096844.00,United States,,125801,Industrials,Farming/Seeds/Milling
AP,Ampco-Pittsburgh Corporation Common Stock,$1.95,0.18,10.169%,39183864.00,United States,,105166,Industrials,Fluid Controls
APD,Air Products and Chemicals Inc. Common Stock,$280.02,2.31,0.832%,62252506850.00,United States,,1400392,Industrials,Major Chemicals
APWC,Asia Pacific Wire & Cable Corporation Ltd. Ordinary Shares (Bermuda),$1.4301,-0.003,-0.209%,29483266.00,Taiwan,,6583,Industrials,Telecommunications Equipment
AQMS,Aqua Metals Inc. Common Stock,$0.2206,-0.0044,-1.956%,29957329.00,United States,2015,327768,Industrials,Metal Fabrications
ARCB,ArcBest Corporation Common Stock,$99.90,1.07,1.083%,2362199636.00,United States,,161595,Industrials,Trucking Freight/Courier Services
AREB,American Rebel Holdings Inc. Common Stock,$0.50,0.00,0.00%,4203365.00,United States,,407607,Industrials,Plastic Products
AREBW,American Rebel Holdings Inc. Warrants,$0.0145,0.00,0.00%,121898.00,United States,,24,Industrials,Plastic Products
ARQ,Arq Inc. Common Stock,$5.80,0.02,0.346%,211780359.00,United States,,79691,Industrials,Major Chemicals
ARTW,Art's-Way Manufacturing Co. Inc. Common Stock,$1.815,-0.025,-1.359%,9204696.00,United States,,53261,Industrials,Industrial Machinery/Components
ASA,ASA  Gold and Precious Metals Limited,$20.00,1.00,5.263%,385798100.00,United States,,52367,Industrials,Precious Metals
ASIX,AdvanSix Inc. Common Stock ,$26.80,-0.37,-1.362%,715906685.00,United States,2016,107421,Industrials,Major Chemicals
ASPI,ASP Isotopes Inc. Common Stock,$2.70,0.18,7.143%,180054741.00,United States,2022,899869,Industrials,Major Chemicals
ASTC,Astrotech Corporation (DE) Common Stock,$8.0064,-0.1436,-1.762%,13624723.00,United States,,39395,Industrials,Biotechnology: Laboratory Analytical Instruments
ASTE,Astec Industries Inc. Common Stock,$30.34,0.06,0.198%,691769628.00,United States,1986,132249,Industrials,Construction/Ag Equipment/Trucks
ASTL,Algoma Steel Group Inc. Common Shares,$10.03,-0.10,-0.987%,1044354412.00,Canada,,690322,Industrials,Steel/Iron Ore
ASTLW,Algoma Steel Group Inc. Warrant,$1.7164,0.0064,0.374%,178682513.00,Canada,,33140,Industrials,Steel/Iron Ore
ATI,ATI Inc. Common Stock,$62.20,0.82,1.336%,7741649231.00,United States,,1191220,Industrials,Steel/Iron Ore
ATLX,Atlas Lithium Corporation Common Stock,$10.39,0.52,5.268%,158445339.00,United States,,80592,Industrials,Mining & Quarrying of Nonmetallic Minerals (No Fuels)
ATR,AptarGroup Inc. Common Stock,$151.96,1.12,0.743%,10088383391.00,United States,,200432,Industrials,Plastic Products
ATRO,Astronics Corporation Common Stock,$18.91,0.12,0.639%,661700819.00,United States,,90923,Industrials,Military/Government/Technical
ATS,ATS Corporation Common Shares,$26.20,-0.31,-1.169%,2565665418.00,Canada,2023,142685,Industrials,Industrial Machinery/Components
AVAV,AeroVironment Inc. Common Stock,$185.50,1.51,0.821%,5232218936.00,United States,2007,169354,Industrials,Aerospace
AVD,American Vanguard Corporation Common Stock ($0.10 Par Value),$5.88,-0.19,-3.13%,169555221.00,United States,1998,493097,Industrials,Agricultural Chemicals
AVNT,Avient Corporation Common Stock,$45.97,0.33,0.723%,4197645968.00,United States,,322562,Industrials,Major Chemicals
AVTR,Avantor Inc. Common Stock,$26.48,-0.43,-1.598%,18002174931.00,United States,2019,4278086,Industrials,Biotechnology: Laboratory Analytical Instruments
AWI,Armstrong World Industries Inc Common Stock,$124.01,2.08,1.706%,5419244689.00,United States,,238168,Industrials,Plastic Products
AXDX,Accelerate Diagnostics Inc. Common Stock,$1.50,-0.11,-6.832%,35519075.00,United States,,222767,Industrials,Biotechnology: Laboratory Analytical Instruments
AXON,Axon Enterprise Inc. Common Stock,$384.51,22.80,6.303%,29059091011.00,United States,2001,973638,Industrials,Ordnance And Accessories
AZ,A2Z Cust2Mate Solutions Corp. Common Shares,$0.701,-0.009,-1.268%,36544779.00,Canada,,51684,Industrials,Industrial Machinery/Components
AZEK,The AZEK Company Inc. Class A Common Stock,$42.50,0.68,1.626%,6149564318.00,United States,2020,912797,Industrials,Plastic Products
AZZ,AZZ Inc.,$76.16,1.61,2.16%,2270806209.00,United States,,91049,Industrials,Industrial Specialties
B,Barnes Group Inc. Common Stock,$36.45,1.80,5.195%,1850428136.00,United States,,262819,Industrials,Metal Fabrications
BA,Boeing Company (The) Common Stock,$162.77,1.44,0.893%,100293529447.00,United States,,4741345,Industrials,Aerospace
BAK,Braskem SA ADR,$6.41,0.01,0.156%,2895196059.00,Brazil,,277018,Industrials,Major Chemicals
BALL,Ball Corporation Common Stock,$65.63,0.48,0.737%,19922998711.00,United States,,1003616,Industrials,Containers/Packaging
BC,Brunswick Corporation Common Stock,$75.81,-0.17,-0.224%,5020392012.00,United States,,326508,Industrials,Industrial Machinery/Components
BCPC,Balchem Corporation Common Stock,$168.13,4.16,2.537%,5454764493.00,United States,,98642,Industrials,Major Chemicals
BDC,Belden Inc Common Stock,$100.93,1.88,1.898%,4118498711.00,United States,,208427,Industrials,Telecommunications Equipment
BERY,Berry Global Group Inc. Common Stock,$65.73,0.02,0.03%,7532658000.00,United States,2012,698437,Industrials,Plastic Products
BEST,BEST Inc. American Depositary Shares each representing twenty (20) Class A Ordinary Shares,$2.75,0.00,0.00%,55483230.00,Cayman Islands,2023,6213,Industrials,Trucking Freight/Courier Services
BIO,Bio-Rad Laboratories Inc. Class A Common Stock,$321.93,2.73,0.855%,8972400930.00,United States,1980,147794,Industrials,Biotechnology: Laboratory Analytical Instruments
BIOX,Bioceres Crop Solutions Corp. Ordinary Shares,$8.60,0.05,0.585%,540052256.00,Argentina,,139672,Industrials,Agricultural Chemicals
BKR,Baker Hughes Company Class A Common Stock,$33.29,0.36,1.093%,33071074207.00,United States,,11432797,Industrials,Metal Fabrications
BMI,Badger Meter Inc. Common Stock,$203.80,3.63,1.813%,5994108536.00,United States,1971,128675,Industrials,Industrial Machinery/Components
BNGO,Bionano Genomics Inc. Common Stock,$0.454,-0.0259,-5.397%,39042697.00,United States,2018,1042705,Industrials,Biotechnology: Laboratory Analytical Instruments
BNRG,Brenmiller Energy Ltd Ordinary Shares,$0.965,-0.055,-5.392%,2076434.00,Israel,,636283,Industrials,Building Products
BOOM,DMC Global Inc. Common Stock,$10.60,0.00,0.00%,212411004.00,United States,,202553,Industrials,Industrial Specialties
BRKR,Bruker Corporation Common Stock,$64.73,0.74,1.156%,9799762166.00,United States,,1125447,Industrials,Biotechnology: Laboratory Analytical Instruments
BSLK,Bolt Projects Holdings Inc. Common Stock,$1.13,0.03,2.727%,8774944.00,United States,2021,188816,Industrials,Major Chemicals
BSLKW,Bolt Projects Holdings Inc. Warrant,$0.0253,-0.0008,-3.065%,196466.00,United States,2021,400,Industrials,Major Chemicals
BW,Babcock & Wilcox Enterprises Inc. Common Stock,$1.26,0.08,6.78%,116166877.00,United States,2015,832246,Industrials,Building Products
BWNB,Babcock & Wilcox Enterprises Inc. 6.50% Senior Notes due 2026,$20.35,0.40,2.005%,1876187257.00,United States,2021,12954,Industrials,Building Products
BWSN,Babcock & Wilcox Enterprises Inc. 8.125% Senior Notes due 2026,$22.26,0.325,1.482%,2052281491.00,United States,2021,12455,Industrials,Building Products
BWXT,BWX Technologies Inc. Common Stock,$98.46,1.91,1.978%,9001217138.00,United States,,455793,Industrials,Industrial Machinery/Components
CARR,Carrier Global Corporation Common Stock ,$75.37,1.70,2.308%,68040412889.00,United States,2020,4624107,Industrials,Industrial Machinery/Components
CAT,Caterpillar Inc. Common Stock,$339.58,4.58,1.367%,164661702231.00,United States,,1746985,Industrials,Construction/Ag Equipment/Trucks
CBT,Cabot Corporation Common Stock,$102.61,1.16,1.143%,5625472273.00,United States,,190978,Industrials,Major Chemicals
CBUS,Cibus Inc. Class A Common Stock,$4.90,-0.35,-6.667%,128385121.00,United States,2017,170399,Industrials,Agricultural Chemicals
CC,Chemours Company (The) Common Stock,$17.15,0.13,0.764%,2559978476.00,United States,2015,1078825,Industrials,Major Chemicals
CCK,Crown Holdings Inc.,$90.15,0.21,0.233%,10875747836.00,United States,,936464,Industrials,Containers/Packaging
CDTG,CDT Environmental Technology Investment Holdings Limited ordinary shares,$3.71,0.00,0.00%,39697000.00,China,2024,9648,Industrials,Miscellaneous
CDXS,Codexis Inc. Common Stock,$2.73,0.00,0.00%,193631739.00,United States,2010,289800,Industrials,Major Chemicals
CE,Celanese Corporation Common Stock,$119.88,-0.62,-0.515%,13098590018.00,United States,2005,651483,Industrials,Major Chemicals
CEAD,CEA Industries Inc. Common Stock,$6.85,0.10,1.481%,5422323.00,United States,,8681,Industrials,Industrial Machinery/Components
CECO,CECO Environmental Corp. Common Stock,$27.47,1.22,4.648%,960365539.00,United States,1998,231418,Industrials,Pollution Control Equipment
CENX,Century Aluminum Company Common Stock,$13.04,0.26,2.034%,1209924902.00,United States,1996,956357,Industrials,Aluminum
CF,CF Industries Holdings Inc. Common Stock,$77.70,0.25,0.323%,14018034622.00,United States,2005,1494039,Industrials,Agricultural Chemicals
CGA,China Green Agriculture Inc. Common Stock,$1.6592,0.0492,3.056%,24545438.00,China,,1387,Industrials,Agricultural Chemicals
CGNX,Cognex Corporation Common Stock,$38.30,-0.08,-0.208%,6568481981.00,United States,1989,531675,Industrials,Industrial Machinery/Components
CHSCL,CHS Inc Class B Cumulative Redeemable Preferred Stock Series 4,$26.13,0.03,0.115%,320667438.00,United States,,32800,Industrials,Farming/Seeds/Milling
CHSCM,CHS Inc Class B Reset Rate Cumulative Redeemable Preferred Stock Series 3,$25.65,0.05,0.195%,314776877.00,United States,,21238,Industrials,Farming/Seeds/Milling
CHSCN,CHS Inc Preferred Class B Series 2 Reset Rate,$26.02,0.055,0.212%,319317518.00,United States,,9755,Industrials,Farming/Seeds/Milling
CHSCO,CHS Inc. Class B Cumulative Redeemable Preferred Stock,$27.01,0.07,0.26%,331466801.00,United States,,22623,Industrials,Farming/Seeds/Milling
CHSCP,CHS Inc. 8%  Cumulative Redeemable Preferred Stock,$30.3641,0.1141,0.377%,372628326.00,United States,,7802,Industrials,Farming/Seeds/Milling
CHX,ChampionX Corporation Common Stock ,$28.41,0.22,0.78%,5412105000.00,United States,,1526253,Industrials,Industrial Machinery/Components
CLH,Clean Harbors Inc. Common Stock,$240.48,0.66,0.275%,12979329165.00,United States,,209809,Industrials,Environmental Services
CLIR,ClearSign Technologies Corporation Common Stock (DE),$0.78,-0.03,-3.704%,39160412.00,United States,2012,68203,Industrials,Industrial Machinery/Components
CMC,Commercial Metals Company Common Stock,$49.65,0.98,2.014%,5709373653.00,United States,,616967,Industrials,Steel/Iron Ore
CMCO,Columbus McKinnon Corporation Common Stock,$30.13,0.10,0.333%,870164915.00,United States,1996,270151,Industrials,Construction/Ag Equipment/Trucks
CMI,Cummins Inc. Common Stock,$297.25,3.89,1.326%,40737412774.00,United States,,557298,Industrials,Industrial Machinery/Components
CMP,Compass Minerals Intl Inc Common Stock,$8.46,0.05,0.595%,349684168.00,United States,2003,1020613,Industrials,Mining & Quarrying of Nonmetallic Minerals (No Fuels)
CMT,Core Molding Technologies Inc Common Stock,$17.83,-0.01,-0.056%,161692282.00,United States,1996,54740,Industrials,Plastic Products
CNEY,CN Energy Group Inc. Class A Ordinary Shares,$0.69,-0.70,-50.36%,1745700.00,China,2021,17020318,Industrials,Major Chemicals
CNH,CNH Industrial N.V. Common Shares,$10.06,-0.11,-1.082%,12612977908.00,United Kingdom,2013,12057635,Industrials,Construction/Ag Equipment/Trucks
CNI,Canadian National Railway Company Common Stock,$119.37,2.85,2.446%,75143415000.00,Canada,,1766365,Industrials,Railroads
CODA,Coda Octopus Group Inc. Common stock,$6.97,0.15,2.199%,77891026.00,United States,,7263,Industrials,Industrial Machinery/Components
COHU,Cohu Inc. Common Stock,$23.81,-0.02,-0.084%,1117154486.00,United States,,269341,Industrials,Electrical Products
CP,Canadian Pacific Kansas City Limited Common Shares,$86.77,0.70,0.813%,80967267964.00,Canada,,2152097,Industrials,Railroads
CPAC,Cementos Pacasmayo S.A.A. American Depositary Shares (Each representing five Common Shares),$5.6999,-0.0101,-0.177%,488033241.00,Peru,,1478,Industrials,Building Materials
CR,Crane Company Common Stock,$149.94,1.92,1.297%,8578075047.00,United States,2023,166164,Industrials,Metal Fabrications
CRH,CRH PLC Ordinary Shares,$86.66,1.38,1.618%,59048956863.00,Ireland,,2600288,Industrials,Building Materials
CRS,Carpenter Technology Corporation Common Stock,$139.63,4.65,3.445%,6974169146.00,United States,,365711,Industrials,Steel/Iron Ore
CSL,Carlisle Companies Incorporated Common Stock,$403.89,4.04,1.01%,18677049324.00,United States,,204131,Industrials,Specialty Chemicals
CSTE,Caesarstone Ltd. Ordinary Shares,$4.58,0.08,1.778%,158158630.00,Israel,2012,32027,Industrials,Building Materials
CSTM,Constellium SE Ordinary Shares (France),$16.38,-0.03,-0.183%,2404909700.00,Netherlands,2013,459313,Industrials,Metal Fabrications
CSWI,CSW Industrials Inc. Common Stock,$328.11,8.26,2.582%,5095790117.00,United States,,206383,Industrials,Home Furnishings
CSX,CSX Corporation Common Stock,$33.45,0.15,0.45%,64850841660.00,United States,,14225061,Industrials,Railroads
CTKB,Cytek Biosciences Inc. Common Stock,$4.74,-0.75,-13.661%,623336506.00,United States,2021,1044474,Industrials,Biotechnology: Laboratory Analytical Instruments
CUB,Lionheart Holdings Class A Ordinary Shares,$10.01,0.00,0.00%,318003446.00,United States,2024,15040,Industrials,Industrial Machinery/Components
CVLG,Covenant Logistics Group Inc. Class A Common Stock,$51.37,0.34,0.666%,676587489.00,United States,,40907,Industrials,Trucking Freight/Courier Services
CVR,Chicago Rivet & Machine Co. Common Stock,$17.23,0.22,1.293%,16646454.00,United States,1930,2191,Industrials,Industrial Machinery/Components
CVU,CPI Aerostructures Inc. Common Stock,$2.90,0.04,1.399%,37806204.00,United States,2022,44005,Industrials,Military/Government/Technical
CX,Cemex S.A.B. de C.V. Sponsored ADR,$5.96,0.19,3.293%,8636558663.00,Mexico,,10120210,Industrials,Building Materials
CXT,Crane NXT Co. Common Stock,$57.92,1.83,3.263%,3309375330.00,United States,,343696,Industrials,Metal Fabrications
CYD,China Yuchai International Limited Common Stock,$12.01,0.31,2.65%,490708063.00,Singapore,1994,18221,Industrials,Industrial Machinery/Components
DAIO,Data I/O Corporation Common Stock,$2.45,0.04,1.66%,22627384.00,United States,1981,26346,Industrials,Electrical Products
DCI,Donaldson Company Inc. Common Stock,$70.08,-0.05,-0.071%,8437997397.00,United States,,497439,Industrials,Pollution Control Equipment
DCO,Ducommun Incorporated Common Stock,$63.96,1.12,1.782%,943294488.00,United States,,36676,Industrials,Military/Government/Technical
DD,DuPont de Nemours Inc. Common Stock,$80.41,0.50,0.626%,33570782036.00,United States,2017,1548826,Industrials,Major Chemicals
DE,Deere & Company Common Stock,$387.00,-1.59,-0.409%,105883129566.00,United States,,1068499,Industrials,Industrial Machinery/Components
DHR,Danaher Corporation Common Stock,$272.49,0.51,0.188%,196795842442.00,United States,,2606464,Industrials,Industrial Machinery/Components
DNMR,Danimer Scientific Inc. Common Stock,$0.33,0.0023,0.702%,39656136.00,United States,2020,518086,Industrials,Major Chemicals
DNOW,DNOW Inc. Common Stock,$11.88,0.27,2.326%,1264863541.00,United States,2014,598808,Industrials,Metal Fabrications
DOV,Dover Corporation Common Stock,$186.68,3.52,1.922%,25660588315.00,United States,,907111,Industrials,Industrial Machinery/Components
DOW,Dow Inc. Common Stock ,$50.26,-0.47,-0.926%,35228290867.00,United States,2019,5680615,Industrials,Major Chemicals
DPRO,Draganfly Inc. Common Shares,$1.99,0.29,17.059%,6938449.00,Canada,,266611,Industrials,Aerospace
DRS,Leonardo DRS Inc. Common Stock,$27.58,0.75,2.795%,7272923417.00,Israel,,220523,Industrials,Industrial Machinery/Components
DSWL,Deswell Industries Inc. Common Shares,$2.44,-0.11,-4.314%,38881983.00,Macau,1995,18967,Industrials,Plastic Products
DTCK,Davis Commodities Limited Ordinary Shares,$1.21,-0.0299,-2.411%,29645756.00,Singapore,2023,16996,Industrials,Farming/Seeds/Milling
DTI,Drilling Tools International Corporation Common Stock,$3.71,0.02,0.542%,128754422.00,United States,2021,25186,Industrials,Metal Fabrications
DXPE,DXP Enterprises Inc. Common Stock,$48.54,0.56,1.167%,766384178.00,United States,,58671,Industrials,Industrial Machinery/Components
DY,Dycom Industries Inc. Common Stock,$184.39,-0.55,-0.297%,5366512928.00,United States,,378768,Industrials,Water Sewer Pipeline Comm & Power Line Construction
ECVT,Ecovyst Inc. Common Stock,$6.44,0.08,1.258%,750042534.00,United States,2017,687517,Industrials,Major Chemicals
EFXT,Enerflex Ltd Common Shares,$5.45,0.01,0.184%,676044220.00,Canada,2022,148266,Industrials,Industrial Machinery/Components
EH,EHang Holdings Limited ADS,$12.11,-0.09,-0.738%,769054524.00,China,2019,390090,Industrials,Military/Government/Technical
EKSO,Ekso Bionics Holdings Inc. Common Stock,$1.20,0.0686,6.063%,22133017.00,United States,,114441,Industrials,Industrial Machinery/Components
ELSE,Electro-Sensors Inc. Common Stock,$4.05,0.05,1.25%,13883485.00,United States,,4113,Industrials,Industrial Machinery/Components
EME,EMCOR Group Inc. Common Stock,$388.49,3.42,0.888%,18125919729.00,United States,,408864,Industrials,Engineering & Construction
EMN,Eastman Chemical Company Common Stock,$99.62,0.69,0.697%,11641633247.00,United States,,847584,Industrials,Major Chemicals
ENTG,Entegris Inc. Common Stock,$108.23,-2.44,-2.205%,16340390609.00,United States,2000,1436537,Industrials,Plastic Products
ERJ,Embraer S.A. Common Stock,$36.06,1.26,3.621%,6622714764.00,Brazil,2000,1818972,Industrials,Aerospace
ESAB,ESAB Corporation Common Stock,$97.69,1.10,1.139%,5904457161.00,United States,2022,348211,Industrials,Industrial Machinery/Components
ESI,Element Solutions Inc. Common Stock,$25.30,0.02,0.079%,6126202922.00,United States,2014,1200639,Industrials,Major Chemicals
ESLT,Elbit Systems Ltd. Ordinary Shares,$198.19,2.97,1.521%,8789726500.00,Israel,,17690,Industrials,Military/Government/Technical
ESOA,Energy Services of America Corporation Common Stock,$10.41,0.59,6.008%,172500831.00,United States,,145044,Industrials,Water Sewer Pipeline Comm & Power Line Construction
EVC,Entravision Communications Corporation Common Stock,$1.96,0.00,0.00%,176374736.00,United States,2000,155011,Industrials,Broadcasting
EVEX,Eve Holding Inc. Common Stock,$2.81,-0.04,-1.404%,815305477.00,,2022,92460,Industrials,Aerospace
EVGN,Evogene Ltd Ordinary Shares,$2.81,-0.13,-4.422%,14271990.00,Israel,,10158,Industrials,Agricultural Chemicals
EVTL,Vertical Aerospace Ltd. Ordinary Shares,$0.7882,0.0482,6.514%,174388654.00,,2021,1962606,Industrials,Aerospace
EXP,Eagle Materials Inc Common Stock,$265.65,12.90,5.104%,8930878849.00,United States,,577188,Industrials,Building Materials
EYPT,EyePoint Pharmaceuticals Inc. Common Stock,$8.88,0.66,8.029%,475241705.00,United States,,439868,Industrials,Biotechnology: Laboratory Analytical Instruments
FARO,FARO Technologies Inc. Common Stock,$17.41,0.08,0.462%,339435336.00,United States,1997,146300,Industrials,Industrial Machinery/Components
FCUV,Focus Universal Inc. Common Stock,$0.4067,0.0337,9.035%,26381718.00,United States,,369225,Industrials,Industrial Machinery/Components
FEAM,5E Advanced Materials Inc. Common Stock,$0.50,-0.0257,-4.889%,34413399.00,United States,,87438,Industrials,Mining & Quarrying of Nonmetallic Minerals (No Fuels)
FEIM,Frequency Electronics Inc. Common Stock,$12.54,-0.07,-0.555%,119597541.00,United States,,119889,Industrials,Electrical Products
FENG,Phoenix New Media Limited American Depositary Shares each representing 48 Class A ordinary shares.,$2.94,0.09,3.158%,35542166.00,China,2011,11437,Industrials,Broadcasting
FER,Ferrovial SE Ordinary Shares,$41.45,0.26,0.631%,30152523168.00,Netherlands,,26789,Industrials,Military/Government/Technical
FET,Forum Energy Technologies Inc. Common Stock,$15.26,0.06,0.395%,187448804.00,United States,2012,37314,Industrials,Metal Fabrications
FF,FutureFuel Corp.  Common shares,$5.54,-0.01,-0.18%,242448366.00,United States,,236882,Industrials,Major Chemicals
FGI,FGI Industries Ltd. Ordinary Shares,$0.7621,0.0397,5.496%,7288659.00,United States,2022,2804,Industrials,Industrial Specialties
FGIWW,FGI Industries Ltd. Warrant,$0.1114,0.0014,1.273%,1065420.00,United States,2022,148,Industrials,Industrial Specialties
FIX,Comfort Systems USA Inc. Common Stock,$339.02,4.97,1.488%,12095078898.00,United States,1997,221727,Industrials,Engineering & Construction
FLR,Fluor Corporation Common Stock,$44.90,0.47,1.058%,7690833714.00,United States,,841074,Industrials,Military/Government/Technical
FLS,Flowserve Corporation Common Stock,$46.21,0.61,1.338%,6070813566.00,United States,,733017,Industrials,Fluid Controls
FLYE,Fly-E Group Inc. Common Stock,$0.60,0.0007,0.117%,14752500.00,United States,2024,91121,Industrials,Aerospace
FMC,FMC Corporation Common Stock,$62.00,0.46,0.747%,7739110568.00,United States,,654201,Industrials,Major Chemicals
FORD,Forward Industries Inc. Common Stock,$3.7965,0.0065,0.172%,4180208.00,United States,,23765,Industrials,Plastic Products
FOX,Fox Corporation Class B Common Stock,$36.04,-0.39,-1.071%,16586596505.00,United States,,861237,Industrials,Broadcasting
FOXA,Fox Corporation Class A Common Stock,$38.91,-0.49,-1.244%,17907449223.00,United States,,2407047,Industrials,Broadcasting
FRD,Friedman Industries Inc. Common Stock,$14.03,-0.92,-6.154%,97784821.00,United States,1975,23975,Industrials,Steel/Iron Ore
FRZA,Forza X1 Inc. Common Stock,$0.215,-0.0017,-0.784%,3388991.00,United States,2022,89598,Industrials,Marine Transportation
FSI,Flexible Solutions International Inc. Common Stock (CDA),$3.225,0.025,0.781%,40152966.00,Canada,2002,8683,Industrials,Major Chemicals
FSTR,L.B. Foster Company Common Stock,$19.57,0.54,2.838%,214299563.00,United States,,20898,Industrials,Metal Fabrications
FTAI,FTAI Aviation Ltd. Common Stock,$121.07,5.19,4.479%,12374734440.00,United States,,1044307,Industrials,Misc Corporate Leasing Services
FTAIM,FTAI Aviation Ltd. 9.500% Fixed-Rate Reset Series D Cumulative Perpetual Redeemable Preferred Shares,$26.10,-0.08,-0.306%,2667717592.00,United States,,3245,Industrials,Misc Corporate Leasing Services
FTAIN,FTAI Aviation Ltd. 8.25% Fixed - Rate Reset Series C Cumulative Perpetual Redeemable Preferred Shares,$25.5975,0.131,0.514%,2616356363.00,United States,,4894,Industrials,Misc Corporate Leasing Services
FTAIO,FTAI Aviation Ltd. 8.00% Fixed-to-Floating Rate Series B Cumulative Perpetual Redeemable Preferred Shares,$25.70,0.08,0.312%,2626833031.00,United States,,9451,Industrials,Misc Corporate Leasing Services
FTAIP,FTAI Aviation Ltd. 8.25% Fixed to Floating Rate Series A Cumulative Perpetual Redeemable Preferred Shares,$25.21,0.00,0.00%,2576749444.00,United States,,12101,Industrials,Misc Corporate Leasing Services
FTEK,Fuel Tech Inc. Common Stock,$1.015,0.04,4.103%,31168897.00,United States,,138406,Industrials,Pollution Control Equipment
FTI,TechnipFMC plc Ordinary Share,$23.92,0.19,0.801%,10246676013.00,,,3611936,Industrials,Metal Fabrications
FTK,Flotek Industries Inc. Common Stock,$4.66,0.14,3.097%,138919157.00,United States,,162285,Industrials,Major Chemicals
FTV,Fortive Corporation Common Stock ,$73.40,0.89,1.227%,25715079679.00,United States,2016,2506800,Industrials,Industrial Machinery/Components
FUL,H. B. Fuller Company Common Stock,$79.39,0.63,0.80%,4328468792.00,United States,,217159,Industrials,Home Furnishings
FWONA,Liberty Media Corporation Series A Liberty Formula One Common Stock,$69.76,0.40,0.577%,16479363642.00,United States,,153022,Industrials,Broadcasting
FWONK,Liberty Media Corporation Series C Liberty Formula One Common Stock,$75.30,0.03,0.04%,17788074573.00,United States,,817374,Industrials,Broadcasting
GAU,Galiano Gold Inc.,$1.51,0.10,7.092%,387948363.00,Canada,,881022,Industrials,Mining & Quarrying of Nonmetallic Minerals (No Fuels)
GBX,Greenbrier Companies Inc. (The) Common Stock,$46.49,0.94,2.064%,1447277540.00,United States,1994,244498,Industrials,Railroads
GD,General Dynamics Corporation Common Stock,$300.67,1.08,0.36%,82617374678.00,United States,,874469,Industrials,Marine Transportation
GDC,GD Culture Group Limited Common Stock,$5.48,-0.42,-7.119%,53463225.00,China,2015,176167,Industrials,Steel/Iron Ore
GENC,Gencor Industries Inc. Common Stock,$19.03,0.10,0.528%,278936069.00,United States,,19793,Industrials,Construction/Ag Equipment/Trucks
GEOS,Geospace Technologies Corporation Common Stock (Texas),$10.06,0.37,3.818%,129860184.00,United States,,22182,Industrials,Industrial Machinery/Components
GEVO,Gevo Inc. Common Stock,$0.92,0.1786,24.09%,220313087.00,United States,2011,15199590,Industrials,Major Chemicals
GFF,Griffon Corporation Common Stock,$64.80,1.86,2.955%,3192257952.00,United States,,331961,Industrials,Building Products
GGB,Gerdau S.A. Common Stock,$3.32,0.02,0.606%,7000157926.00,Brazil,,7268931,Industrials,Steel/Iron Ore
GGG,Graco Inc. Common Stock,$82.32,0.20,0.244%,13906429061.00,United States,,576082,Industrials,Fluid Controls
GHM,Graham Corporation Common Stock,$29.03,0.03,0.103%,316174700.00,United States,1978,47688,Industrials,Industrial Machinery/Components
GIC,Global Industrial Company Common Stock,$32.22,0.61,1.93%,1230816791.00,United States,,27915,Industrials,Industrial Machinery/Components
GIFI,Gulf Island Fabrication Inc. Common Stock,$5.31,0.01,0.189%,87701718.00,United States,1997,16821,Industrials,Metal Fabrications
GLDD,Great Lakes Dredge & Dock Corporation Common Stock,$9.57,0.13,1.377%,642997974.00,United States,,688324,Industrials,Military/Government/Technical
GLW,Corning Incorporated Common Stock,$41.86,0.01,0.024%,35819636367.00,United States,,2418149,Industrials,Telecommunications Equipment
GPRE,Green Plains Inc. Common Stock,$12.26,0.02,0.163%,792671416.00,United States,,888352,Industrials,Major Chemicals
GRC,Gorman-Rupp Company (The) Common Stock,$37.12,0.83,2.287%,973566285.00,United States,1971,51550,Industrials,Fluid Controls
GRMN,Garmin Ltd. Common Stock (Switzerland),$182.76,0.02,0.011%,35128999388.00,Switzerland,2000,580382,Industrials,Industrial Machinery/Components
GTEC,Greenland Technologies Holding Corporation Ordinary Shares,$2.63,0.24,10.042%,35753614.00,China,2018,241718,Industrials,Industrial Machinery/Components
GTES,Gates Industrial Corporation plc Ordinary Shares,$16.93,0.24,1.438%,4429103028.00,,2018,1539663,Industrials,Industrial Machinery/Components
GTLS,Chart Industries Inc. Common Stock,$111.62,1.34,1.215%,4778002483.00,United States,2006,721087,Industrials,Metal Fabrications
GTN,Gray Television Inc. Common Stock,$4.59,0.15,3.378%,457472489.00,United States,,763528,Industrials,Broadcasting
GURE,Gulf Resources Inc. (NV) Common Stock,$1.05,-0.01,-0.943%,10953520.00,China,,2175,Industrials,Major Chemicals
GVA,Granite Construction Incorporated Common Stock,$74.29,1.55,2.131%,3245499058.00,United States,,290365,Industrials,Military/Government/Technical
GWAV,Greenwave Technology Solutions Inc. Common Stock,$0.4188,0.0168,4.179%,8466445.00,United States,,1296590,Industrials,Metal Fabrications
GWW,W.W. Grainger Inc. Common Stock,$996.93,8.29,0.839%,48675808092.00,United States,,128943,Industrials,Office Equipment/Supplies/Services
HAYN,Haynes International Inc. Common Stock,$59.44,0.01,0.017%,759941648.00,United States,2007,38287,Industrials,Steel/Iron Ore
HAYW,Hayward Holdings Inc. Common Stock,$13.68,-0.35,-2.495%,2942952312.00,United States,2021,2290429,Industrials,Industrial Machinery/Components
HBIO,Harvard Bioscience Inc. Common Stock,$2.79,-0.04,-1.413%,121674364.00,United States,2000,48811,Industrials,Biotechnology: Laboratory Analytical Instruments
HEES,H&E Equipment Services Inc. Common Stock,$42.75,0.55,1.303%,1561345553.00,United States,2006,350291,Industrials,Misc Corporate Leasing Services
HEI,Heico Corporation Common Stock,$256.16,1.80,0.708%,35503233197.00,United States,2000,331940,Industrials,Aerospace
HIHO,Highway Holdings Limited Common Stock,$1.82,0.0001,0.005%,8011322.00,Hong Kong,,12929,Industrials,Metal Fabrications
HII,Huntington Ingalls Industries Inc. Common Stock,$258.28,0.66,0.256%,10128510121.00,United States,,322173,Industrials,Marine Transportation
HL,Hecla Mining Company Common Stock,$6.44,0.52,8.784%,4055370183.00,United States,,14489724,Industrials,Mining & Quarrying of Nonmetallic Minerals (No Fuels)
HLIO,Helios Technologies Inc. Common Stock,$40.40,0.27,0.673%,1342080162.00,United States,2021,244838,Industrials,Metal Fabrications
HLP,Hongli Group Inc. Ordinary Shares,$1.94,-0.02,-1.02%,23743175.00,China,2023,22621,Industrials,Industrial Machinery/Components
HON,Honeywell International Inc. Common Stock,$204.67,0.63,0.309%,132968204504.00,United States,,1944604,Industrials,Aerospace
HOVR,New Horizon Aircraft Ltd. Class A Ordinary Share,$0.759,0.048,6.751%,16250190.00,United States,2023,963376,Industrials,Aerospace
HOVRW,New Horizon Aircraft Ltd. Warrant,$0.0197,-0.0098,-33.22%,421777.00,United States,2023,88236,Industrials,Aerospace
HRI,Herc Holdings Inc. Common Stock ,$133.78,0.03,0.022%,3798623835.00,United States,2016,136985,Industrials,Misc Corporate Leasing Services
HSAI,Hesai Group American Depositary Share each ADS represents one Class B ordinary share,$3.82,-0.06,-1.546%,485248828.00,China,2023,132097,Industrials,Industrial Machinery/Components
HTLD,Heartland Express Inc. Common Stock,$11.92,0.12,1.017%,935663499.00,United States,1986,222537,Industrials,Trucking Freight/Courier Services
HUDI,Huadi International Group Co. Ltd. Ordinary Shares,$1.91,0.02,1.058%,27235038.00,China,2021,12622,Industrials,Steel/Iron Ore
HUN,Huntsman Corporation Common Stock,$21.63,0.35,1.645%,3742067154.00,United States,2005,2620777,Industrials,Major Chemicals
HURC,Hurco Companies Inc. Common Stock,$18.46,0.51,2.841%,119057659.00,United States,,12152,Industrials,Industrial Machinery/Components
HWM,Howmet Aerospace Inc. Common Stock,$94.23,0.14,0.149%,38459654778.00,United States,,1842260,Industrials,Metal Fabrications
HXL,Hexcel Corporation Common Stock,$61.34,0.39,0.64%,5014424528.00,United States,,400608,Industrials,Major Chemicals
HY,Hyster-Yale Inc. Class A common stock,$57.75,-0.07,-0.121%,1010691239.00,United States,,59544,Industrials,Construction/Ag Equipment/Trucks
ICL,ICL Group Ltd. Ordinary Shares,$4.14,0.11,2.73%,5440064891.00,Israel,2014,507411,Industrials,Agricultural Chemicals
IESC,IES Holdings Inc. Common Stock,$157.15,0.30,0.191%,3139575544.00,United States,,200530,Industrials,Engineering & Construction
IEX,IDEX Corporation Common Stock,$198.11,0.98,0.497%,14997599583.00,United States,1989,437038,Industrials,Fluid Controls
IFF,International Flavors & Fragrances Inc. Common Stock,$103.44,0.16,0.155%,26445385062.00,United States,,951472,Industrials,Major Chemicals
IIIN,Insteel Industries Inc. Common Stock,$30.58,0.16,0.526%,594624950.00,United States,,67809,Industrials,Steel/Iron Ore
INHD,Inno Holdings Inc. Common Stock,$0.58,-0.0019,-0.327%,12036001.00,United States,2023,19150,Industrials,Steel/Iron Ore
INTT,inTest Corporation Common Stock,$6.74,-0.22,-3.161%,84359727.00,United States,1997,36682,Industrials,Electrical Products
INVX,Innovex International Inc. Common Stock,$14.58,-0.19,-1.286%,502313513.00,United States,,761850,Industrials,Metal Fabrications
IONR,ioneer Ltd American Depositary Shares,$4.20,-0.09,-2.098%,220375919.00,Australia,,12107,Industrials,Mining & Quarrying of Nonmetallic Minerals (No Fuels)
IOSP,Innospec Inc. Common Stock,$106.55,0.07,0.066%,2657508408.00,United States,,67799,Industrials,Major Chemicals
IPI,Intrepid Potash Inc Common Stock,$23.45,0.60,2.626%,311450120.00,United States,2008,36430,Industrials,Mining & Quarrying of Nonmetallic Minerals (No Fuels)
IR,Ingersoll Rand Inc. Common Stock,$89.86,0.23,0.257%,36257087966.00,United States,2017,2468801,Industrials,Industrial Machinery/Components
ITRI,Itron Inc. Common Stock,$99.54,-0.11,-0.11%,4475597012.00,United States,1993,868547,Industrials,Electrical Products
ITT,ITT Inc. Common Stock ,$133.49,1.72,1.305%,10906133000.00,United States,2011,208005,Industrials,Fluid Controls
ITW,Illinois Tool Works Inc. Common Stock,$248.20,1.18,0.478%,73690580000.00,United States,,628961,Industrials,Industrial Machinery/Components
J,Jacobs Solutions Inc. Common Stock,$142.50,0.56,0.395%,17705386598.00,United States,2022,470614,Industrials,Military/Government/Technical
JBHT,J.B. Hunt Transport Services Inc. Common Stock,$168.86,-0.40,-0.236%,17221445625.00,United States,,977666,Industrials,Trucking Freight/Courier Services
JBI,Janus International Group Inc. Common Stock,$9.72,-0.01,-0.103%,1412532056.00,United States,2021,1278779,Industrials,Building Products
JBT,John Bean Technologies Corporation Common Stock,$87.23,1.67,1.952%,2777455102.00,United States,,206805,Industrials,Industrial Machinery/Components
JCI,Johnson Controls International plc Ordinary Share,$71.22,0.54,0.764%,47575924960.00,Switzerland,,4658665,Industrials,Industrial Machinery/Components
JHX,James Hardie Industries plc American Depositary Shares (Ireland),$36.03,0.44,1.236%,15629260363.00,Ireland,,38136,Industrials,Building Materials
JOBY,Joby Aviation Inc. Common Stock,$5.35,0.03,0.564%,3831363322.00,United States,2020,4607517,Industrials,Aerospace
KAI,Kadant Inc Common Stock,$313.90,5.29,1.714%,3686618640.00,United States,1992,54708,Industrials,Industrial Machinery/Components
KALU,Kaiser Aluminum Corporation Common Stock,$68.92,0.61,0.893%,1108723759.00,United States,,62248,Industrials,Metal Fabrications
KBR,KBR Inc. Common Stock,$61.59,0.68,1.116%,8194560586.00,United States,2006,925038,Industrials,Military/Government/Technical
KEQU,Kewaunee Scientific Corporation Common Stock,$41.44,-1.62,-3.762%,117695526.00,United States,,41659,Industrials,Medical Specialities
KEYS,Keysight Technologies Inc. Common Stock,$148.42,0.25,0.169%,25757304749.00,United States,2014,561785,Industrials,Industrial Machinery/Components
KITT,Nauticus Robotics Inc. Common stock,$1.54,0.12,8.451%,7160430.00,United States,2021,187366,Industrials,Industrial Machinery/Components
KITTW,Nauticus Robotics Inc. Warrant,$0.0148,0.00,0.00%,68815.00,United States,2021,29468,Industrials,Industrial Machinery/Components
KMT,Kennametal Inc. Common Stock,$24.90,0.17,0.687%,1939729696.00,United States,,800011,Industrials,Industrial Machinery/Components
KNF,Knife Riv Holding Co. Common Stock,$82.00,3.16,4.008%,4642241810.00,United States,2023,432902,Industrials,Mining & Quarrying of Nonmetallic Minerals (No Fuels)
KNW,Know Labs Inc. Common Stock,$0.30,0.001,0.334%,31794000.00,,2022,88385,Industrials,Industrial Machinery/Components
KNX,Knight-Swift Transportation Holdings Inc.,$51.96,1.78,3.547%,8410453440.00,United States,2017,2609455,Industrials,Trucking Freight/Courier Services
KRNT,Kornit Digital Ltd. Ordinary Shares,$22.89,0.24,1.06%,1092302399.00,Israel,2015,1158262,Industrials,Industrial Machinery/Components
KRO,Kronos Worldwide Inc Common Stock,$10.63,-0.01,-0.094%,1222836039.00,United States,,181878,Industrials,Major Chemicals
KRT,Karat Packaging Inc. Common Stock,$24.78,0.27,1.102%,495963399.00,United States,2021,29723,Industrials,Plastic Products
KTOS,Kratos Defense & Security Solutions Inc. Common Stock,$21.98,0.45,2.09%,3318964614.00,United States,,524319,Industrials,Military/Government/Technical
KWR,Quaker Houghton Common Stock,$161.10,0.85,0.53%,2885648171.00,United States,,76602,Industrials,Major Chemicals
LAB,Standard BioTools Inc. Common Stock,$2.03,0.05,2.525%,753443576.00,United States,2011,1117689,Industrials,Biotechnology: Laboratory Analytical Instruments
LECO,Lincoln Electric Holdings Inc. Common Shares,$176.58,0.60,0.341%,10007716528.00,United States,,215703,Industrials,Industrial Machinery/Components
LEU,Centrus Energy Corp. Class A Common Stock,$39.40,-0.49,-1.228%,641429794.00,United States,2014,192598,Industrials,Mining & Quarrying of Nonmetallic Minerals (No Fuels)
LGO,Largo Inc. Common Shares,$1.83,0.04,2.235%,117323130.00,Canada,,80646,Industrials,Mining & Quarrying of Nonmetallic Minerals (No Fuels)
LHX,L3Harris Technologies Inc. Common Stock,$228.17,1.16,0.511%,43285033202.00,United States,,780320,Industrials,Industrial Machinery/Components
LICY,Li-Cycle Holdings Corp. Common Shares,$1.41,0.00,0.00%,31725299.00,Canada,2021,266701,Industrials,Environmental Services
LII,Lennox International Inc. Common Stock,$576.87,9.70,1.71%,20556240383.00,United States,1999,148235,Industrials,Industrial Machinery/Components
LILM,Lilium NV Class A Ordinary Shares,$0.78,0.0198,2.605%,467274600.00,Germany,,4162916,Industrials,Aerospace
LILMW,Lilium N.V. Warrants,$0.0851,0.0104,13.922%,50980857.00,Germany,,2592,Industrials,Aerospace
LIN,Linde plc Ordinary Shares,$467.34,2.23,0.479%,223156129110.00,United States,,1916911,Industrials,Major Chemicals
LLAP,Terran Orbital Corporation Common Stock,$0.26,0.0051,2.001%,53132434.00,United States,2021,9888153,Industrials,Military/Government/Technical
LLYVA,Liberty Media Corporation Series A Liberty Live Common Stock,$39.47,0.05,0.127%,3620342728.00,United States,,151217,Industrials,Broadcasting
LLYVK,Liberty Media Corporation Series C Liberty Live Common Stock,$40.02,-0.11,-0.274%,3670790878.00,United States,,239461,Industrials,Broadcasting
LMT,Lockheed Martin Corporation Common Stock,$568.27,1.31,0.231%,135451702365.00,United States,,739348,Industrials,Military/Government/Technical
LNN,Lindsay Corporation Common Stock,$116.70,1.32,1.144%,1270405419.00,United States,,67630,Industrials,Industrial Machinery/Components
LNZA,LanzaTech Global Inc. Common Stock,$1.43,0.06,4.38%,282804046.00,United States,2021,282284,Industrials,Major Chemicals
LOAR,Loar Holdings Inc. Common Stock,$78.50,2.18,2.856%,7041730324.00,,2024,204559,Industrials,Military/Government/Technical
LODE,Comstock Inc. Common Stock,$0.337,0.0309,10.095%,59070616.00,United States,,3082386,Industrials,Major Chemicals
LOMA,Loma Negra Compania Industrial Argentina Sociedad Anonima ADS,$7.86,0.43,5.787%,917235512.00,Argentina,2017,488922,Industrials,Building Materials
LOOP,Loop Industries Inc. Common Stock,$1.41,0.06,4.444%,67029630.00,Canada,,3552,Industrials,Major Chemicals
LSTR,Landstar System Inc. Common Stock,$182.17,2.82,1.572%,6458396681.00,United States,1993,180332,Industrials,Trucking Freight/Courier Services
LUNR,Intuitive Machines Inc. Class A Common Stock,$5.70,0.07,1.243%,732743624.00,United States,2021,19037090,Industrials,Industrial Machinery/Components
LUNRW,Intuitive Machines Inc. Warrants,$1.48,0.06,4.225%,190256239.00,United States,2021,268972,Industrials,Industrial Machinery/Components
LWLG,Lightwave Logic Inc. Common Stock,$2.64,0.03,1.149%,318691204.00,United States,,540519,Industrials,Containers/Packaging
LXFR,Luxfer Holdings PLC Ordinary Shares,$11.15,0.12,1.088%,305361449.00,United Kingdom,2012,74952,Industrials,Major Chemicals
LXU,LSB Industries Inc. Common Stock,$7.16,0.11,1.56%,512807298.00,United States,2003,328134,Industrials,Major Chemicals
LYB,LyondellBasell Industries NV Ordinary Shares Class A (Netherlands),$93.86,-0.10,-0.106%,30512873626.00,Netherlands,,1315139,Industrials,Major Chemicals
MAS,Masco Corporation Common Stock,$78.92,0.91,1.167%,17224198374.00,United States,,1428023,Industrials,Industrial Specialties
MASS,908 Devices Inc. Common Stock,$3.47,-0.02,-0.573%,120259020.00,United States,2020,141215,Industrials,Industrial Machinery/Components
MBUU,Malibu Boats Inc. Class A Common Stock,$37.06,0.24,0.652%,741670773.00,United States,2014,116500,Industrials,Marine Transportation
MCFT,MasterCraft Boat Holdings Inc. Common Stock,$17.38,0.29,1.697%,288731350.00,United States,2015,117675,Industrials,Marine Transportation
MDU,MDU Resources Group Inc. Common Stock (Holding Company),$25.58,0.51,2.034%,5215461102.00,United States,,801057,Industrials,Mining & Quarrying of Nonmetallic Minerals (No Fuels)
MEC,Mayville Engineering Company Inc. Common Stock,$18.70,0.01,0.054%,385585211.00,United States,2019,64116,Industrials,Industrial Specialties
MEOH,Methanex Corporation Common Stock,$37.39,0.81,2.214%,2519618326.00,Canada,,337012,Industrials,Major Chemicals
MIDD,Middleby Corporation (The) Common Stock,$128.04,-1.37,-1.059%,6884652798.00,United States,,636616,Industrials,Industrial Machinery/Components
MIND,MIND Technology Inc. Common Stock (DE),$3.81,0.19,5.249%,5356018.00,United States,1994,299948,Industrials,Industrial Machinery/Components
MIR,Mirion Technologies Inc. Class A Common Stock,$9.70,0.25,2.646%,2252605179.00,United States,2020,982125,Industrials,Industrial Machinery/Components
MKSI,MKS Instruments Inc. Common Stock,$107.85,-4.29,-3.826%,7256967013.00,United States,1999,712646,Industrials,Industrial Machinery/Components
MLAB,Mesa Laboratories Inc. Common Stock,$121.56,1.99,1.664%,657537854.00,United States,,46406,Industrials,Industrial Machinery/Components
MLI,Mueller Industries Inc. Common Stock,$68.26,1.12,1.668%,7735506342.00,United States,,505587,Industrials,Metal Fabrications
MLM,Martin Marietta Materials Inc. Common Stock,$515.33,7.54,1.485%,31495450922.00,United States,1994,312149,Industrials,Mining & Quarrying of Nonmetallic Minerals (No Fuels)
MNTS,Momentus Inc. Class A Common Stock,$0.599,-0.0352,-5.55%,9958916.00,United States,2019,1864364,Industrials,Military/Government/Technical
MNTSW,Momentus Inc. Warrant,$0.0109,-0.0001,-0.909%,181222.00,United States,2019,2354,Industrials,Military/Government/Technical
MOB,Mobilicom Limited American Depositary Shares,$0.9244,-0.0006,-0.065%,5870756.00,Israel,2022,33631,Industrials,Aerospace
MOBBW,Mobilicom Limited Warrants,$0.1005,-0.0294,-22.633%,533655.00,Israel,2022,3900,Industrials,Aerospace
MOS,Mosaic Company (The) Common Stock,$25.18,0.29,1.165%,8023294315.00,United States,,2962375,Industrials,Agricultural Chemicals
MPX,Marine Products Corporation Common Stock,$9.10,0.08,0.887%,315931370.00,United States,2001,30037,Industrials,Marine Transportation
MRC,MRC Global Inc. Common Stock,$11.69,0.11,0.95%,996415071.00,United States,2012,552704,Industrials,Industrial Machinery/Components
MRTN,Marten Transport Ltd. Common Stock,$16.99,0.03,0.177%,1383240153.00,United States,1986,296668,Industrials,Trucking Freight/Courier Services
MSB,Mesabi Trust Common Stock,$20.64,-0.13,-0.626%,270797006.00,United States,,54117,Industrials,Precious Metals
MSM,MSC Industrial Direct Company Inc. Common Stock,$78.71,0.77,0.988%,4417437788.00,United States,1995,727621,Industrials,Industrial Machinery/Components
MT,Arcelor Mittal NY Registry Shares NEW,$22.38,0.25,1.13%,18335301899.00,Luxembourg,,1551890,Industrials,Steel/Iron Ore
MTD,Mettler-Toledo International Inc. Common Stock,$1373.40,-15.12,-1.089%,29142474001.00,Switzerland,1997,97153,Industrials,Biotechnology: Laboratory Analytical Instruments
MTEN,Mingteng International Corporation Inc. Ordinary Shares,$4.49,0.10,2.278%,27871675.00,China,2024,3203,Industrials,Building Products
MTRN,Materion Corporation,$102.91,0.57,0.557%,2135077783.00,United States,,71973,Industrials,Industrial Specialties
MTUS,Metallus Inc. Common Shares,$14.61,0.06,0.412%,634942827.00,United States,2014,253907,Industrials,Steel/Iron Ore
MTW,Manitowoc Company Inc. (The) Common Stock,$9.33,0.19,2.079%,327640276.00,United States,,177209,Industrials,Construction/Ag Equipment/Trucks
MTX,Minerals Technologies Inc. Common Stock,$71.50,0.35,0.492%,2300063838.00,United States,1992,100530,Industrials,Major Chemicals
MTZ,MasTec Inc. Common Stock,$110.40,2.82,2.621%,8745994646.00,United States,,671382,Industrials,Water Sewer Pipeline Comm & Power Line Construction
MWA,MUELLER WATER PRODUCTS Common Stock,$19.84,0.15,0.762%,3090994148.00,United States,2006,1083903,Industrials,Metal Fabrications
MYE,Myers Industries Inc. Common Stock,$13.48,0.10,0.747%,501755499.00,United States,1983,132453,Industrials,Plastic Products
MYRG,MYR Group Inc. Common Stock,$94.53,0.49,0.521%,1560479782.00,United States,2008,199292,Industrials,Water Sewer Pipeline Comm & Power Line Construction
NAUT,Nautilus Biotechnolgy Inc. Common Stock,$2.73,-0.02,-0.727%,256312769.00,United States,2020,39366,Industrials,Biotechnology: Laboratory Analytical Instruments
NCL,Northann Corp. Common Stock,$0.175,0.00,0.00%,4242000.00,,2023,136846,Industrials,Plastic Products
NDSN,Nordson Corporation Common Stock,$248.24,0.31,0.125%,14194743752.00,United States,,144332,Industrials,Industrial Machinery/Components
NEU,NewMarket Corp Common Stock,$552.78,-5.42,-0.971%,5303432126.00,United States,,24036,Industrials,Major Chemicals
NGVT,Ingevity Corporation Common Stock ,$35.61,2.08,6.203%,1294249367.00,United States,2016,273722,Industrials,Major Chemicals
NISN,NiSun International Enterprise Development Group Co. Ltd. Class A Common Shares,$13.02,0.2723,2.136%,52309100.00,China,2016,68584,Industrials,Metal Fabrications
NITO,N2OFF Inc. Common Stock,$0.3507,0.0387,12.404%,1459748.00,Israel,,35558882,Industrials,Agricultural Chemicals
NL,NL Industries Inc. Common Stock,$6.56,-0.03,-0.455%,320441135.00,United States,,21368,Industrials,Major Chemicals
NMHI,Nature's Miracle Holding Inc. Common Stock,$0.1611,0.0014,0.877%,5096681.00,United States,,97050,Industrials,Industrial Machinery/Components
NN,NextNav Inc. Common Stock,$7.46,-0.14,-1.842%,942347953.00,United States,,416317,Industrials,Industrial Machinery/Components
NNAVW,NextNav Inc. Warrant,$2.4997,0.0697,2.868%,315762356.00,United States,,25876,Industrials,Industrial Machinery/Components
NNBR,NN Inc. Common Stock,$3.61,0.15,4.335%,180673507.00,United States,1994,66238,Industrials,Industrial Machinery/Components
NOC,Northrop Grumman Corporation Common Stock,$518.54,2.61,0.506%,75834019195.00,United States,,473540,Industrials,Industrial Machinery/Components
NOV,NOV Inc. Common Stock,$16.00,0.12,0.756%,6299310112.00,United States,,2488206,Industrials,Metal Fabrications
NPK,National Presto Industries Inc. Common Stock,$75.40,1.35,1.823%,535366692.00,United States,,20054,Industrials,Ordnance And Accessories
NPO,Enpro Inc. Common Stock,$148.62,2.00,1.364%,3117233906.00,United States,,42607,Industrials,Metal Fabrications
NR,Newpark Resources Inc. Common Stock,$7.07,0.00,0.00%,611311127.00,United States,,442815,Industrials,Metal Fabrications
NSC,Norfolk Southern Corporation Common Stock,$254.59,0.82,0.323%,57561890877.00,United States,,1268928,Industrials,Railroads
NTIC,Northern Technologies International Corporation Common Stock,$12.16,0.14,1.165%,114804104.00,United States,,27894,Industrials,Industrial Specialties
NTR,Nutrien Ltd. Common Shares,$46.17,0.51,1.117%,22842937893.00,Canada,2018,1751955,Industrials,Agricultural Chemicals
NUE,Nucor Corporation Common Stock,$140.60,2.83,2.054%,33369723925.00,United States,,1358106,Industrials,Steel/Iron Ore
NVOS,Novo Integrated Sciences Inc. Common Stock,$0.304,0.0525,20.875%,5792575.00,United States,,1519398,Industrials,Industrial Machinery/Components
NVT,nVent Electric plc Ordinary Shares ,$64.55,0.66,1.033%,10729185996.00,United Kingdom,2018,1770935,Industrials,Industrial Machinery/Components
NVVE,Nuvve Holding Corp. Common Stock,$0.417,0.007,1.707%,2721854.00,China,2020,25746,Industrials,Electrical Products
NVVEW,Nuvve Holding Corp. Warrant,$0.0128,-0.0012,-8.571%,83549.00,China,2020,21139,Industrials,Electrical Products
NWL,Newell Brands Inc. Common Stock,$7.43,0.14,1.92%,3090880000.00,United States,,4750346,Industrials,Plastic Products
NWPX,Northwest Pipe Company Common Stock,$41.69,1.13,2.786%,413511062.00,United States,1995,21721,Industrials,Steel/Iron Ore
NX,Quanex Building Products Corporation Common Stock,$26.91,0.76,2.906%,1271553204.00,United States,,587182,Industrials,Metal Fabrications
NXST,Nexstar Media Group Inc. Common Stock,$160.59,-0.30,-0.186%,5180338236.00,United States,2003,367516,Industrials,Broadcasting
NXT,Nextracker Inc. Class A Common Stock,$35.83,0.04,0.112%,5207798524.00,United States,2023,2815153,Industrials,Industrial Machinery/Components
OC,Owens Corning Inc Common Stock New,$161.71,1.81,1.132%,14060419296.00,United States,,501328,Industrials,Industrial Machinery/Components
OCC,Optical Cable Corporation Common Stock,$2.67,-0.0861,-3.124%,21072908.00,United States,,4820,Industrials,Telecommunications Equipment
ODFL,Old Dominion Freight Line Inc. Common Stock,$191.26,2.41,1.276%,40986358536.00,United States,1991,887536,Industrials,Trucking Freight/Courier Services
OEC,Orion S.A. Common Shares,$16.35,0.20,1.238%,954130753.00,Luxembourg,2014,359521,Industrials,Major Chemicals
OFLX,Omega Flex Inc. Common Stock,$49.29,0.64,1.316%,497549131.00,United States,,20872,Industrials,Industrial Specialties
OIS,Oil States International Inc. Common Stock,$4.48,0.03,0.674%,285770137.00,United States,2001,617461,Industrials,Metal Fabrications
OLN,Olin Corporation Common Stock,$41.82,1.00,2.45%,4915571646.00,United States,,1077786,Industrials,Major Chemicals
OMIC,Singular Genomics Systems Inc. Common Stock,$5.65,-0.015,-0.265%,14100671.00,United States,2021,1005009,Industrials,Biotechnology: Laboratory Analytical Instruments
ONTO,Onto Innovation Inc. Common Stock,$192.97,-1.39,-0.715%,9529556572.00,United States,,486751,Industrials,Industrial Machinery/Components
ORGN,Origin Materials Inc. Common Stock,$1.55,0.05,3.333%,225914188.00,United States,2020,1071196,Industrials,Major Chemicals
ORGNW,Origin Materials Inc. Warrants,$0.137,0.0031,2.315%,19967899.00,United States,2020,108946,Industrials,Major Chemicals
ORN,Orion Group Holdings Inc. Common,$5.83,0.10,1.745%,194552668.00,United States,,1161276,Industrials,Military/Government/Technical
OUST,Ouster Inc. Common Stock,$6.14,-0.07,-1.127%,296747993.00,United States,2020,1306745,Industrials,Industrial Machinery/Components
OWLT,Owlet Inc. Class A Common Stock,$3.93,-0.42,-9.655%,46020300.00,,2020,375226,Industrials,Industrial Machinery/Components
PACB,Pacific Biosciences of California Inc. Common Stock,$1.80,0.12,7.143%,490552110.00,United States,2010,11140340,Industrials,Biotechnology: Laboratory Analytical Instruments
PARA,Paramount Global Class B Common Stock,$10.26,0.28,2.806%,6840489488.00,United States,,7202057,Industrials,Broadcasting
PARAA,Paramount Global Class A Common Stock,$21.71,-0.10,-0.459%,14474369081.00,United States,,110104,Industrials,Broadcasting
PCT,PureCycle Technologies Inc. Common stock,$8.00,1.24,18.343%,1319690464.00,United States,,6099321,Industrials,Major Chemicals
PCTTU,PureCycle Technologies Inc. Unit,$8.68,0.00,0.00%,1431864153.00,United States,,233,Industrials,Major Chemicals
PCTTW,PureCycle Technologies Inc. Warrant,$2.00,0.0999,5.258%,329922616.00,United States,,18124,Industrials,Major Chemicals
PDYN,Palladyne AI Corp. Common Stock,$1.51,0.01,0.667%,40468000.00,United States,,47911,Industrials,Industrial Machinery/Components
PDYNW,Palladyne AI Corp Warrants,$0.025,0.005,25.00%,670000.00,United States,,6288,Industrials,Industrial Machinery/Components
PESI,Perma-Fix Environmental Services Inc. Common Stock,$10.77,-0.02,-0.185%,170172505.00,United States,,37579,Industrials,Environmental Services
PETZ,TDH Holdings Inc. Common Shares,$1.20,0.04,3.448%,12387922.00,China,2017,3100,Industrials,Steel/Iron Ore
PFIE,Profire Energy Inc. Common Stock,$1.47,0.05,3.521%,68833310.00,United States,,150503,Industrials,Metal Fabrications
PH,Parker-Hannifin Corporation Common Stock,$587.55,3.15,0.539%,75556420574.00,United States,,368816,Industrials,Metal Fabrications
PKE,Park Aerospace Corp. Common Stock,$13.52,0.03,0.222%,273825441.00,United States,,52947,Industrials,Military/Government/Technical
PKOH,Park-Ohio Holdings Corp. Common Stock,$28.07,0.04,0.143%,369963386.00,United States,,19893,Industrials,Industrial Specialties
PKX,POSCO Holdings Inc. American Depositary Shares (Each representing 1/4th of a share of Common Stock),$67.03,3.03,4.734%,20343928621.00,South Korea,1994,179122,Industrials,Steel/Iron Ore
PLL,Piedmont Lithium Inc. Common Stock,$7.25,-0.30,-3.974%,140442766.00,United States,,360776,Industrials,Mining & Quarrying of Nonmetallic Minerals (No Fuels)
PLOW,Douglas Dynamics Inc. Common Stock,$27.09,0.22,0.819%,625617733.00,United States,2010,92233,Industrials,Construction/Ag Equipment/Trucks
PLPC,Preformed Line Products Company Common Stock,$114.40,0.43,0.377%,562121217.00,United States,,6622,Industrials,Water Sewer Pipeline Comm & Power Line Construction
PNR,Pentair plc. Ordinary Share,$90.80,2.92,3.323%,15027194429.00,Switzerland,,1849403,Industrials,Industrial Machinery/Components
POWW,AMMO Inc. Common Stock,$1.53,0.07,4.795%,181697801.00,United States,,387942,Industrials,Ordnance And Accessories
POWWP,AMMO Inc. 8.75% Series A Cumulative Redeemable Perpetual Preferred Stock,$26.50,0.0345,0.13%,3147053425.00,United States,,1889,Industrials,Ordnance And Accessories
PPIH,Perma-Pipe International Holdings Inc. Common Stock,$11.95,0.38,3.284%,95814873.00,United States,,65836,Industrials,Pollution Control Equipment
PPSI,Pioneer Power Solutions Inc. Common Stock,$4.47,-0.18,-3.871%,48799160.00,United States,,139536,Industrials,Electrical Products
PRIM,Primoris Services Corporation Common Stock,$54.00,1.51,2.877%,2898327960.00,United States,,594932,Industrials,Water Sewer Pipeline Comm & Power Line Construction
PRLB,Proto Labs Inc. Common stock,$29.21,0.03,0.103%,734561863.00,United States,2012,178559,Industrials,Metal Fabrications
PRM,Perimeter Solutions SA Ordinary Shares,$11.72,0.55,4.924%,1701992206.00,Luxembourg,2021,693687,Industrials,Major Chemicals
PRPO,Precipio Inc.  Common Stock,$6.41,0.3999,6.654%,9500473.00,United States,,5454,Industrials,Biotechnology: Laboratory Analytical Instruments
PRZO,ParaZero Technologies Ltd. Ordinary Shares,$0.5573,0.0073,1.327%,6219468.00,Israel,2023,50520,Industrials,Military/Government/Technical
PTSI,P.A.M. Transportation Services Inc. Common Stock,$17.20,-0.17,-0.979%,374186189.00,United States,1986,6411,Industrials,Trucking Freight/Courier Services
PWR,Quanta Services Inc. Common Stock,$268.50,5.41,2.056%,39558045662.00,United States,,674044,Industrials,Engineering & Construction
QSI,Quantum-Si Incorporated Class A Common Stock,$0.9011,-0.0189,-2.054%,128281769.00,United States,2020,313209,Industrials,Industrial Machinery/Components
QSIAW,Quantum-Si Incorporated Warrant,$0.0998,0.0188,23.21%,14207658.00,United States,2020,2247,Industrials,Industrial Machinery/Components
QTRX,Quanterix Corporation Common Stock,$12.49,0.42,3.48%,479354122.00,United States,2017,310750,Industrials,Biotechnology: Laboratory Analytical Instruments
RAIL,FreightCar America Inc. Common Stock,$9.55,0.08,0.845%,180245268.00,United States,2005,360985,Industrials,Railroads
RBC,RBC Bearings Incorporated Common Stock,$286.52,2.59,0.912%,8374940347.00,United States,2022,132321,Industrials,Metal Fabrications
RBCP,RBC Bearings Incorporated 5.00% Series A Mandatory Convertible Preferred Stock,$127.04,1.07,0.849%,3713361796.00,United States,2022,1076,Industrials,Metal Fabrications
RDW,Redwire Corporation Common Stock,$6.37,0.13,2.083%,423831371.00,United States,2021,132406,Industrials,Military/Government/Technical
RETO,ReTo Eco-Solutions Inc. Class A Shares,$1.31,-0.18,-12.081%,4906198.00,China,2017,83436,Industrials,Industrial Machinery/Components
REX,REX American Resources Corporation,$43.22,0.92,2.175%,759252309.00,United States,,101915,Industrials,Major Chemicals
REZI,Resideo Technologies Inc. Common Stock ,$18.40,0.25,1.377%,2693987534.00,United States,2018,574567,Industrials,Wholesale Distributors
RGLD,Royal Gold Inc. Common Stock,$140.82,4.27,3.127%,9257627342.00,United States,,315311,Industrials,Precious Metals
RGR,Sturm Ruger & Company Inc. Common Stock,$40.97,0.31,0.762%,690555455.00,United States,,83983,Industrials,Ordnance And Accessories
RKLB,Rocket Lab USA Inc. Common Stock,$6.86,0.18,2.695%,3406951395.00,United States,2020,13983124,Industrials,Military/Government/Technical
ROAD,Construction Partners Inc. Class A Common Stock,$63.29,1.98,3.229%,3339289512.00,United States,2018,176017,Industrials,Military/Government/Technical
ROCK,Gibraltar Industries Inc. Common Stock,$67.12,0.89,1.344%,2045752963.00,United States,1993,92290,Industrials,Steel/Iron Ore
ROG,Rogers Corporation Common Stock,$101.16,1.60,1.607%,1881510651.00,United States,1960,88186,Industrials,Major Chemicals
ROK,Rockwell Automation Inc. Common Stock,$258.00,1.15,0.448%,29274584814.00,United States,,646402,Industrials,Industrial Machinery/Components
ROP,Roper Technologies Inc. Common Stock,$551.31,1.47,0.267%,59099696001.00,United States,1992,354420,Industrials,Industrial Machinery/Components
RPID,Rapid Micro Biosystems Inc. Class A Common Stock,$0.8465,0.0065,0.774%,36326829.00,United States,2021,26936,Industrials,Biotechnology: Laboratory Analytical Instruments
RR,Richtech Robotics Inc. Class B Common Stock,$1.02,-0.01,-0.971%,0.00,United States,2023,3134225,Industrials,Industrial Machinery/Components
RS,Reliance Inc. Common Stock,$274.04,1.82,0.669%,15076455293.00,United States,1994,322991,Industrials,Metal Fabrications
RTX,RTX Corporation Common Stock,$120.10,0.84,0.704%,159761747857.00,United States,,4229691,Industrials,Aerospace
RVSN,Rail Vision Ltd. Ordinary Share,$0.449,0.0153,3.528%,9029823.00,Israel,2022,196989,Industrials,Railroads
RVSNW,Rail Vision Ltd. Warrant,$0.07,0.0027,4.012%,1407768.00,Israel,2022,100,Industrials,Railroads
RVTY,Revvity Inc. Common Stock,$120.15,-0.86,-0.711%,14818905466.00,United States,,659341,Industrials,Biotechnology: Laboratory Analytical Instruments
RYI,Ryerson Holding Corporation Common Stock,$18.03,-0.23,-1.26%,598625768.00,United States,2014,320968,Industrials,Metal Fabrications
SAIA,Saia Inc. Common Stock,$420.18,-0.96,-0.228%,11172549644.00,United States,,271399,Industrials,Trucking Freight/Courier Services
SBGI,Sinclair Inc. Class A Common Stock,$13.00,0.33,2.605%,862709939.00,United States,1995,346885,Industrials,Broadcasting
SDST,Stardust Power Inc. Common Stock,$10.17,0.17,1.70%,485105013.00,United States,2021,70065,Industrials,Major Chemicals
SEB,Seaboard Corporation Common Stock,$3096.95,2.59,0.084%,3007308782.00,United States,1996,1175,Industrials,Farming/Seeds/Milling
SEE,Sealed Air Corporation Common Stock,$33.20,0.28,0.851%,4836330220.00,United States,,1551240,Industrials,Major Chemicals
SEER,Seer Inc. Class A Common Stock,$1.64,0.03,1.863%,100743795.00,United States,2020,124289,Industrials,Biotechnology: Laboratory Analytical Instruments
SENS,Senseonics Holdings Inc. Common Stock,$0.4069,0.013,3.30%,217925096.00,United States,,4303049,Industrials,Industrial Machinery/Components
SFWL,Shengfeng Development Limited Class A Ordinary Shares,$1.29,0.02,1.575%,106421792.00,China,2023,16015,Industrials,Trucking Freight/Courier Services
SHIM,Shimmick Corporation Common Stock,$2.85,0.03,1.064%,95728750.00,United States,2023,5970,Industrials,Military/Government/Technical
SID,Companhia Siderurgica Nacional S.A. Common Stock,$2.08,-0.01,-0.478%,2758275410.00,Brazil,,1956903,Industrials,Steel/Iron Ore
SIF,SIFCO Industries Inc. Common Stock,$4.88,0.21,4.497%,30157819.00,United States,1969,14402,Industrials,Aerospace
SIM,Grupo Simec S.A.B. de C.V. American Depositary Shares,$27.71,0.00,0.00%,4268595152.00,Mexico,1998,20,Industrials,Steel/Iron Ore
SLGN,Silgan Holdings Inc. Common Stock,$50.00,0.40,0.806%,5338967800.00,United States,2022,449741,Industrials,Containers/Packaging
SLI,Standard Lithium Ltd. Common Shares,$1.19,-0.08,-6.299%,218323655.00,Canada,2021,705491,Industrials,Major Chemicals
SLND,Southland Holdings Inc. Common Stock,$3.74,0.08,2.186%,179914615.00,United States,,16409,Industrials,Military/Government/Technical
SMG,Scotts Miracle-Gro Company (The) Common Stock,$66.46,0.11,0.166%,3776330306.00,United States,1992,585942,Industrials,Agricultural Chemicals
SMID,Smith-Midland Corporation Common Stock,$32.65,1.17,3.717%,174539031.00,United States,,36854,Industrials,Building Materials
SMR,NuScale Power Corporation Class A Common Stock,$8.63,-0.11,-1.259%,2150427275.00,United States,2022,1873583,Industrials,Metal Fabrications
SND,Smart Sand Inc. Common Stock,$2.00,0.00,0.00%,85853088.00,United States,2016,31337,Industrials,Mining & Quarrying of Nonmetallic Minerals (No Fuels)
SNDR,Schneider National Inc. Common Stock,$27.16,0.32,1.192%,4758844207.00,United States,2017,522995,Industrials,Trucking Freight/Courier Services
SNES,SenesTech Inc. Common Stock,$3.05,-0.16,-4.984%,1571787.00,United States,2016,14740,Industrials,Agricultural Chemicals
SPLP,Steel Partners Holdings LP LTD PARTNERSHIP UNIT,$40.55,-0.94,-2.266%,830297096.00,United States,,9563,Industrials,Industrial Specialties
SPR,Spirit Aerosystems Holdings Inc. Common Stock,$33.70,-0.01,-0.03%,3930108289.00,United States,2006,1028411,Industrials,Military/Government/Technical
SPXC,SPX Technologies Inc. Common Stock,$148.78,4.17,2.884%,6887804617.00,United States,,204438,Industrials,Industrial Machinery/Components
SQM,Sociedad Quimica y Minera S.A. Common Stock,$38.26,-0.11,-0.287%,10928527327.00,Chile,1993,1121464,Industrials,Mining & Quarrying of Nonmetallic Minerals (No Fuels)
SRCL,Stericycle Inc. Common Stock,$61.70,0.03,0.049%,5728008965.00,United States,1996,1487329,Industrials,Environmental Services
SSP,E.W. Scripps Company (The) Class A Common Stock,$1.79,0.01,0.562%,154150948.00,United States,,489380,Industrials,Broadcasting
SSRM,SSR Mining Inc. Common Stock,$5.80,0.47,8.818%,1172157281.00,Canada,,3584112,Industrials,Precious Metals
ST,Sensata Technologies Holding plc Ordinary Shares,$34.15,-0.44,-1.272%,5155200093.00,Netherlands,2010,2512176,Industrials,Industrial Machinery/Components
STKL,SunOpta Inc. Common Stock,$6.41,0.16,2.56%,748949765.00,Canada,,472106,Industrials,Farming/Seeds/Milling
STLD,Steel Dynamics Inc.,$110.54,2.44,2.257%,17056601445.00,United States,1996,1330561,Industrials,Steel/Iron Ore
STRL,Sterling Infrastructure Inc. Common Stock,$123.17,6.04,5.157%,3785379545.00,United States,,316433,Industrials,Military/Government/Technical
SUM,Summit Materials Inc. Class A Common Stock,$37.54,1.46,4.047%,6591516121.00,United States,2015,883979,Industrials,Mining & Quarrying of Nonmetallic Minerals (No Fuels)
SWBI,Smith & Wesson Brands Inc. Common Stock,$12.87,0.45,3.623%,577248895.00,United States,,518254,Industrials,Ordnance And Accessories
SWIM,Latham Group Inc. Common Stock,$6.17,0.08,1.314%,713110726.00,United States,2021,383233,Industrials,Plastic Products
SXC,SunCoke Energy Inc. Common Stock,$7.76,0.05,0.649%,652556458.00,United States,2011,1307376,Industrials,Steel/Iron Ore
SXI,Standex International Corporation Common Stock,$167.42,2.20,1.332%,1984686919.00,United States,,27078,Industrials,Industrial Machinery/Components
SXT,Sensient Technologies Corporation Common Stock,$73.83,0.19,0.258%,3128531189.00,United States,,67293,Industrials,Major Chemicals
SYM,Symbotic Inc. Class A Common Stock,$20.49,1.11,5.728%,11998473078.00,United States,2021,2289253,Industrials,Industrial Machinery/Components
SYPR,Sypris Solutions Inc. Common Stock,$1.62,0.02,1.25%,37217658.00,United States,,8567,Industrials,Industrial Machinery/Components
TANH,Tantech Holdings Ltd. Common Shares,$0.1653,-0.0147,-8.167%,1378602.00,China,2015,11366049,Industrials,Major Chemicals
TATT,TAT Technologies Ltd. Ordinary Shares,$16.83,-0.2425,-1.42%,170026960.00,Israel,,8171,Industrials,Aerospace
TAYD,Taylor Devices Inc. Common Stock,$58.49,-0.15,-0.256%,182408493.00,United States,,8938,Industrials,Industrial Machinery/Components
TBIO,Telesis Bio Inc. Common Stock,$1.81,0.11,6.471%,3209032.00,United States,2021,475169,Industrials,Biotechnology: Laboratory Analytical Instruments
TDG,Transdigm Group Incorporated Common Stock,$1348.03,20.00,1.506%,75639841106.00,United States,2006,133645,Industrials,Military/Government/Technical
TDY,Teledyne Technologies Incorporated Common Stock,$427.59,1.92,0.451%,20004461637.00,United States,,181996,Industrials,Industrial Machinery/Components
TECK,Teck Resources Ltd Ordinary Shares,$46.27,1.49,3.327%,23958606000.00,Canada,,3408844,Industrials,Mining & Quarrying of Nonmetallic Minerals (No Fuels)
TER,Teradyne Inc. Common Stock,$128.19,-3.32,-2.525%,20917543105.00,United States,,1478365,Industrials,Electrical Products
TEX,Terex Corporation Common Stock,$50.70,0.49,0.976%,3391830000.00,United States,,566566,Industrials,Construction/Ag Equipment/Trucks
TFII,TFI International Inc. Common Shares,$142.93,0.28,0.196%,12092518755.00,Canada,,288061,Industrials,Trucking Freight/Courier Services
TFPM,Triple Flag Precious Metals Corp. Common Shares,$16.54,0.66,4.156%,3332507434.00,Canada,2022,176543,Industrials,Precious Metals
TG,Tredegar Corporation Common Stock,$6.03,-0.04,-0.659%,208098653.00,United States,,58537,Industrials,Metal Fabrications
TGI,Triumph Group Inc. Common Stock,$13.58,0.41,3.113%,1050101651.00,United States,1996,611044,Industrials,Aerospace
TGNA,TEGNA Inc,$13.93,0.06,0.433%,2304470170.00,United States,,2060315,Industrials,Broadcasting
THCP,Thunder Bridge Capital Partners IV Inc. Class A Common Stock,$10.49,0.00,0.00%,0.00,United States,2021,69,Industrials,Consumer Electronics/Appliances
THO,Thor Industries Inc. Common Stock,$97.94,-0.74,-0.75%,5210191651.00,United States,,507719,Industrials,Homebuilding
TKR,Timken Company (The) Common Stock,$78.81,-0.16,-0.203%,5527316968.00,United States,,584189,Industrials,Metal Fabrications
TMO,Thermo Fisher Scientific Inc Common Stock,$614.16,-4.30,-0.695%,234606396815.00,United States,,1397602,Industrials,Industrial Machinery/Components
TNC,Tennant Company Common Stock,$91.27,0.67,0.74%,1725412528.00,United States,,59392,Industrials,Industrial Machinery/Components
TOMZ,TOMI Environmental Solutions Inc. Common Stock,$0.7505,0.0005,0.067%,15021411.00,United States,,5861,Industrials,Major Chemicals
TPCS,TechPrecision Corporation Common stock,$3.2219,-0.1081,-3.246%,31445744.00,United States,,22059,Industrials,Metal Fabrications
TPIC,TPI Composites Inc. Common Stock,$3.76,0.03,0.804%,178802186.00,United States,2016,312183,Industrials,Industrial Machinery/Components
TRMB,Trimble Inc. Common Stock,$55.68,0.77,1.402%,13679862238.00,United States,1990,880238,Industrials,Industrial Machinery/Components
TRN,Trinity Industries Inc. Common Stock,$30.77,0.26,0.852%,2536888528.00,United States,,560021,Industrials,Railroads
TRNS,Transcat Inc. Common Stock,$123.33,3.58,2.99%,1127870610.00,United States,,44445,Industrials,Electrical Products
TROX,Tronox Holdings plc Ordinary Shares (UK),$11.71,-0.03,-0.256%,1849237556.00,United States,,1041797,Industrials,Major Chemicals
TRS,TriMas Corporation Common Stock,$24.95,0.24,0.971%,1014149237.00,United States,2007,222988,Industrials,Industrial Specialties
TRSG,Tungray Technologies Inc Class A Ordinary Shares,$2.73,-0.05,-1.799%,40950000.00,Singapore,2024,11951,Industrials,Industrial Machinery/Components
TS,Tenaris S.A. American Depositary Shares,$28.33,0.12,0.425%,16543144002.00,Luxembourg,,2026564,Industrials,Steel/Iron Ore
TSAT,Telesat Corporation Class A Common Shares and Class B Variable Voting Shares ,$10.94,0.68,6.628%,153665253.00,Canada,,11674,Industrials,Metal Fabrications
TSE,Trinseo PLC Ordinary Shares ,$3.52,0.13,3.835%,124453190.00,United States,2014,246799,Industrials,Major Chemicals
TT,Trane Technologies plc,$359.67,5.36,1.513%,81166811984.00,Ireland,,873365,Industrials,Auto Parts:O.E.M.
TUP,Tupperware Brands Corporation Common Stock,$1.19,0.03,2.586%,55371429.00,United States,,264460,Industrials,Plastic Products
TV,Grupo Televisa S.A.B. Common Stock,$1.83,-0.09,-4.688%,983313900.00,Mexico,1993,5866597,Industrials,Broadcasting
TWI,Titan International Inc. (DE) Common Stock,$8.05,0.05,0.625%,580880175.00,United States,,533474,Industrials,Steel/Iron Ore
TWIN,Twin Disc Incorporated Common Stock,$12.18,0.27,2.267%,171819228.00,United States,,8733,Industrials,Industrial Machinery/Components
TX,Ternium S.A. Ternium S.A. American Depositary Shares (each representing ten shares USD1.00 par value),$32.42,1.03,3.281%,6499378232.00,Luxembourg,,174983,Industrials,Steel/Iron Ore
TXG,10x Genomics Inc. Class A Common Stock,$22.55,0.45,2.036%,2717081453.00,United States,2019,1255387,Industrials,Biotechnology: Laboratory Analytical Instruments
TXT,Textron Inc. Common Stock,$86.95,0.51,0.59%,16291173723.00,United States,,677994,Industrials,Aerospace
UAMY,United States Antimony Corporation Common Stock,$0.6499,0.029,4.671%,70474496.00,United States,,340373,Industrials,Metal Fabrications
UAN,CVR Partners LP Common Units representing Limited Partner Interests,$66.84,2.19,3.387%,706474537.00,United States,2011,34076,Industrials,Agricultural Chemicals
UAVS,AgEagle Aerial Systems Inc. Common Stock,$0.2892,0.0233,8.763%,4335577.00,United States,,875320,Industrials,Aerospace
ULH,Universal Logistics Holdings Inc. Common Stock,$40.91,0.80,1.995%,1076641807.00,United States,2005,15304,Industrials,Trucking Freight/Courier Services
UNP,Union Pacific Corporation Common Stock,$248.89,1.39,0.562%,151623197633.00,United States,,1867934,Industrials,Railroads
UPS,United Parcel Service Inc. Common Stock,$128.42,-0.08,-0.062%,110001724158.00,United States,1999,3442875,Industrials,Trucking Freight/Courier Services
USAP,Universal Stainless & Alloy Products Inc. Common Stock,$37.35,0.81,2.217%,345037545.00,United States,1994,87104,Industrials,Steel/Iron Ore
USLM,United States Lime & Minerals Inc. Common Stock,$81.86,3.02,3.831%,2340726942.00,United States,,28131,Industrials,Mining & Quarrying of Nonmetallic Minerals (No Fuels)
UUUU,Energy Fuels Inc Ordinary Shares (Canada),$5.09,0.19,3.878%,832988156.00,Canada,,4158315,Industrials,Mining & Quarrying of Nonmetallic Minerals (No Fuels)
UVV,Universal Corporation Common Stock,$50.96,-0.06,-0.118%,1258342387.00,United States,,108427,Industrials,Farming/Seeds/Milling
VATE,INNOVATE Corp. Common Stock,$3.86,0.07,1.847%,50384553.00,United States,,97987,Industrials,Metal Fabrications
VEEE,Twin Vee PowerCats Co. Common Stock,$0.45,0.0389,9.462%,4284000.00,United States,2021,188775,Industrials,Marine Transportation
VGAS,Verde Clean Fuels Inc. Class A Common Stock,$3.82,0.05,1.326%,122429552.00,United States,2021,11220,Industrials,Major Chemicals
VGASW,Verde Clean Fuels Inc. Warrant,$0.1622,0.00,0.00%,5198449.00,United States,2021,25,Industrials,Major Chemicals
VHI,Valhi Inc. Common Stock,$26.99,-0.13,-0.479%,763676463.00,United States,,12554,Industrials,Major Chemicals
VLTO,Veralto Corp Common Stock ,$109.30,0.35,0.321%,27008729520.00,United States,2023,1409419,Industrials,Electrical Products
VMAR,Vision Marine Technologies Inc. Common Shares,$1.50,-0.09,-5.66%,1280034.00,Canada,2020,340637,Industrials,Marine Transportation
VMC,Vulcan Materials Company (Holding Company) Common Stock,$236.27,3.32,1.425%,31201819980.00,United States,,680069,Industrials,Mining & Quarrying of Nonmetallic Minerals (No Fuels)
VMI,Valmont Industries Inc. Common Stock,$272.17,3.38,1.257%,5488540211.00,United States,,122847,Industrials,Metal Fabrications
VNT,Vontier Corporation Common Stock ,$32.41,0.46,1.44%,4981417000.00,United States,2020,1366831,Industrials,Industrial Machinery/Components
VSTE,Vast Renewables Limited Ordinary Shares,$1.095,-0.0238,-2.127%,32820987.00,Australia,,9537,Industrials,Building Products
VSTEW,Vast Renewables Limited Warrants,$0.0432,-0.0069,-13.772%,1294855.00,Australia,,12143,Industrials,Building Products
VSTO,Vista Outdoor Inc. Common Stock,$40.15,0.90,2.293%,2345067268.00,United States,2015,519382,Industrials,Ordnance And Accessories
VVV,Valvoline Inc. Common Stock,$40.10,0.33,0.83%,5167540515.00,United States,2016,818390,Industrials,Major Chemicals
WAB,Westinghouse Air Brake Technologies Corporation Common Stock,$167.73,2.94,1.784%,29383483503.00,United States,,863807,Industrials,Railroads
WAT,Waters Corporation Common Stock,$322.08,-4.65,-1.423%,19119289448.00,United States,1995,372660,Industrials,Biotechnology: Laboratory Analytical Instruments
WDFC,WD-40 Company Common Stock,$252.85,3.35,1.343%,3425725583.00,United States,1973,45941,Industrials,Major Chemicals
WERN,Werner Enterprises Inc. Common Stock,$36.42,0.36,0.998%,2251040185.00,United States,1986,609996,Industrials,Trucking Freight/Courier Services
WFRD,Weatherford International plc Ordinary Shares,$90.10,0.40,0.446%,6591578958.00,United States,,739122,Industrials,Metal Fabrications
WGO,Winnebago Industries Inc. Common Stock,$54.76,-0.43,-0.779%,1585575745.00,United States,,559101,Industrials,Homebuilding
WHD,Cactus Inc. Class A Common Stock,$55.75,1.30,2.388%,4435568845.00,United States,2018,618790,Industrials,Metal Fabrications
WLK,Westlake Corporation Common Stock,$137.30,1.47,1.082%,17654808647.00,United States,2004,434551,Industrials,Major Chemicals
WLKP,Westlake Chemical Partners LP Common Units representing limited partner interests,$22.25,0.10,0.451%,783880316.00,United States,2014,7669,Industrials,Major Chemicals
WNC,Wabash National Corporation Common Stock,$18.79,0.13,0.697%,826745532.00,United States,1991,389643,Industrials,Construction/Ag Equipment/Trucks
WOR,Worthington Enterprises Inc. Common Shares,$44.21,0.85,1.96%,2212491395.00,United States,,175548,Industrials,Steel/Iron Ore
WPRT,Westport Fuel Systems Inc Common Shares,$5.26,0.08,1.544%,90813185.00,Canada,2008,19974,Industrials,Industrial Machinery/Components
WRAP,Wrap Technologies Inc. Common Stock,$1.50,0.10,7.143%,68790818.00,United States,,132800,Industrials,Ordnance And Accessories
WS,Worthington Steel Inc. Common Shares,$32.01,0.71,2.268%,1613020840.00,United States,2023,275058,Industrials,Steel/Iron Ore
WSC,WillScot Holdings Corporation Class A Common Stock,$39.25,0.90,2.347%,7398265863.00,United States,2015,1250213,Industrials,Misc Corporate Leasing Services
WTS,Watts Water Technologies Inc. Class A Common Stock,$192.44,1.41,0.738%,6418078949.00,United States,1986,88517,Industrials,Metal Fabrications
X,United States Steel Corporation Common Stock,$34.74,1.35,4.043%,7815176198.00,United States,,16876382,Industrials,Steel/Iron Ore
XPEL,XPEL Inc. Common Stock,$42.53,-0.10,-0.235%,1175567392.00,United States,,135250,Industrials,Industrial Specialties
XYL,Xylem Inc. Common Stock New,$131.01,1.14,0.878%,31821396733.00,United States,2011,1241008,Industrials,Fluid Controls
YHGJ,Yunhong Green CTI Ltd. Common Stock,$0.9514,-0.0194,-1.998%,19762421.00,United States,,17926,Industrials,Specialty Chemicals
YIBO,Planet Image International Limited Class A Ordinary Shares,$2.55,0.07,2.823%,134210580.00,China,2024,9986,Industrials,Industrial Machinery/Components
ZBRA,Zebra Technologies Corporation Class A Common Stock,$337.04,-0.40,-0.119%,17384646220.00,United States,1991,288139,Industrials,Industrial Machinery/Components
ZEUS,Olympic Steel Inc. Common Stock,$37.61,0.20,0.535%,418694905.00,United States,1994,163985,Industrials,Metal Fabrications
ZKIN,ZK International Group Co. Ltd Ordinary Share,$0.4998,0.0128,2.628%,18066583.00,China,2017,86622,Industrials,Metal Fabrications
ZONE,CleanCore Solutions Inc. Class B Common Stock,$1.50,0.0499,3.441%,11933879.00,,2024,6066,Industrials,Industrial Machinery/Components
ZTEK,Zentek Ltd. Common Stock,$0.881,0.006,0.686%,89585701.00,Canada,,17278,Industrials,Major Chemicals
ZTO,ZTO Express (Cayman) Inc. American Depositary Shares each representing one Class A ordinary share.,$21.99,0.04,0.182%,17874937919.00,China,2016,2663517,Industrials,Trucking Freight/Courier Services
ZWS,Zurn Elkay Water Solutions Corporation Common Stock,$32.48,0.38,1.184%,5551757518.00,United States,2012,1473767,Industrials,Industrial Machinery/Components
